c++,amp application char class code const cout create data does don error example file following function gt help include int just know library like lt main make need new object possible problem program public question return std string thanks time trying type use used using value ve void want way windows work
java,add application class code create data does don error example file following gt help int just know like lt main make method need new null object possible problem public question return run server set static string thanks time try trying type use using value ve void want way work
sql,10 code column columns create data database date does error example field following gt help id insert join just key know like lt mysql need new null number order possible problem query question result return row rows select server set statement stored table tables thanks time trying type update use user using value values ve want way work
python,class code create data def django does don error example file following function gt help http import just know like line list lt make module need new object print problem py return run self set string thanks time trying use user using ve want way work write
scala,add case class code create def does doesn don error example extends following function gt import int java just know like list lt map method need new object possible println problem question set string time tried trying type use used using val value var ve want way work works write
windows,application code create does don error exe file files gt help just know like make need net new possible problem process program run running server set thanks time trying use user using ve want way work
linux,application code command does don error file files following gt help just know like line lt make need new problem process program run running script server set thanks time trying use used user using ve want way windows work write
unix,code command directory does don error file files following gt just know like line linux lt need new output problem process program run running script shell thanks time trying unix use using want way work
c#,add application class code create data does don error example file following gt help int just know like list lt make method need net new object possible problem public question return server set string text thanks time trying type use user using value ve void want way windows work
c,amp array char code data does don error example file following function gt help include int just know like lt main make memory need pointer possible printf problem program question return stdio string struct thanks time trying use used using value ve void want way work write
